{"meta":{"version":1,"warehouse":"3.0.1"},"models":{"Asset":[{"_id":"themes/matery/source/favicon.png","path":"favicon.png","modified":0,"renderable":1},{"_id":"themes/matery/source/css/gitment.css","path":"css/gitment.css","modified":0,"renderable":1},{"_id":"themes/matery/source/css/my-gitalk.css","path":"css/my-gitalk.css","modified":0,"renderable":1},{"_id":"themes/matery/source/css/matery.css","path":"css/matery.css","modified":0,"renderable":1},{"_id":"themes/matery/source/css/my.css","path":"css/my.css","modified":0,"renderable":1},{"_id":"themes/matery/source/js/search.js","path":"js/search.js","modified":0,"renderable":1},{"_id":"themes/matery/source/medias/avatar.jpg","path":"medias/avatar.jpg","modified":0,"renderable":1},{"_id":"themes/matery/source/js/matery.js","path":"js/matery.js","modified":0,"renderable":1},{"_id":"themes/matery/source/medias/comment_bg.png","path":"medias/comment_bg.png","modified":0,"renderable":1},{"_id":"themes/matery/source/medias/icp.png","path":"medias/icp.png","modified":0,"renderable":1},{"_id":"themes/matery/source/medias/logo.png","path":"medias/logo.png","modified":0,"renderable":1},{"_id":"themes/matery/source/medias/cover.jpg","path":"medias/cover.jpg","modified":0,"renderable":1},{"_id":"themes/matery/source/medias/featureimages/16.jpg","path":"medias/featureimages/16.jpg","modified":0,"renderable":1},{"_id":"themes/matery/source/medias/featureimages/13.jpg","path":"medias/featureimages/13.jpg","modified":0,"renderable":1},{"_id":"themes/matery/source/medias/featureimages/15.jpg","path":"medias/featureimages/15.jpg","modified":0,"renderable":1},{"_id":"themes/matery/source/medias/featureimages/23.jpg","path":"medias/featureimages/23.jpg","modified":0,"renderable":1},{"_id":"themes/matery/source/medias/featureimages/5.jpg","path":"medias/featureimages/5.jpg","modified":0,"renderable":1},{"_id":"themes/matery/source/medias/featureimages/22.jpg","path":"medias/featureimages/22.jpg","modified":0,"renderable":1},{"_id":"themes/matery/source/medias/featureimages/7.jpg","path":"medias/featureimages/7.jpg","modified":0,"renderable":1},{"_id":"themes/matery/source/medias/featureimages/2.jpg","path":"medias/featureimages/2.jpg","modified":0,"renderable":1},{"_id":"themes/matery/source/medias/music/cover2.png","path":"medias/music/cover2.png","modified":0,"renderable":1},{"_id":"themes/matery/source/medias/featureimages/8.jpg","path":"medias/featureimages/8.jpg","modified":0,"renderable":1},{"_id":"themes/matery/source/medias/music/cover3.png","path":"medias/music/cover3.png","modified":0,"renderable":1},{"_id":"themes/matery/source/libs/animate/animate.min.css","path":"libs/animate/animate.min.css","modified":0,"renderable":1},{"_id":"themes/matery/source/libs/aos/aos.js","path":"libs/aos/aos.js","modified":0,"renderable":1},{"_id":"themes/matery/source/libs/aos/aos.css","path":"libs/aos/aos.css","modified":0,"renderable":1},{"_id":"themes/matery/source/libs/aplayer/APlayer.min.css","path":"libs/aplayer/APlayer.min.css","modified":0,"renderable":1},{"_id":"themes/matery/source/libs/aplayer/APlayer.min.js","path":"libs/aplayer/APlayer.min.js","modified":0,"renderable":1},{"_id":"themes/matery/source/libs/background/ribbon-dynamic.js","path":"libs/background/ribbon-dynamic.js","modified":0,"renderable":1},{"_id":"themes/matery/source/libs/codeBlock/codeBlockFuction.js","path":"libs/codeBlock/codeBlockFuction.js","modified":0,"renderable":1},{"_id":"themes/matery/source/libs/background/canvas-nest.js","path":"libs/background/canvas-nest.js","modified":0,"renderable":1},{"_id":"themes/matery/source/libs/background/ribbon.min.js","path":"libs/background/ribbon.min.js","modified":0,"renderable":1},{"_id":"themes/matery/source/libs/codeBlock/codeCopy.js","path":"libs/codeBlock/codeCopy.js","modified":0,"renderable":1},{"_id":"themes/matery/source/libs/codeBlock/codeShrink.js","path":"libs/codeBlock/codeShrink.js","modified":0,"renderable":1},{"_id":"themes/matery/source/libs/codeBlock/codeLang.js","path":"libs/codeBlock/codeLang.js","modified":0,"renderable":1},{"_id":"themes/matery/source/libs/gitalk/gitalk.css","path":"libs/gitalk/gitalk.css","modified":0,"renderable":1},{"_id":"themes/matery/source/libs/instantpage/instantpage.js","path":"libs/instantpage/instantpage.js","modified":0,"renderable":1},{"_id":"themes/matery/source/libs/cryptojs/crypto-js.min.js","path":"libs/cryptojs/crypto-js.min.js","modified":0,"renderable":1},{"_id":"themes/matery/source/libs/jqcloud/jqcloud.css","path":"libs/jqcloud/jqcloud.css","modified":0,"renderable":1},{"_id":"themes/matery/source/libs/jqcloud/jqcloud-1.0.4.min.js","path":"libs/jqcloud/jqcloud-1.0.4.min.js","modified":0,"renderable":1},{"_id":"themes/matery/source/libs/masonry/masonry.pkgd.min.js","path":"libs/masonry/masonry.pkgd.min.js","modified":0,"renderable":1},{"_id":"themes/matery/source/libs/others/clicklove.js","path":"libs/others/clicklove.js","modified":0,"renderable":1},{"_id":"themes/matery/source/libs/tocbot/tocbot.css","path":"libs/tocbot/tocbot.css","modified":0,"renderable":1},{"_id":"themes/matery/source/libs/scrollprogress/scrollProgress.min.js","path":"libs/scrollprogress/scrollProgress.min.js","modified":0,"renderable":1},{"_id":"themes/matery/source/libs/others/busuanzi.pure.mini.js","path":"libs/others/busuanzi.pure.mini.js","modified":0,"renderable":1},{"_id":"themes/matery/source/libs/tocbot/tocbot.min.js","path":"libs/tocbot/tocbot.min.js","modified":0,"renderable":1},{"_id":"themes/matery/source/libs/gitment/gitment-default.css","path":"libs/gitment/gitment-default.css","modified":0,"renderable":1},{"_id":"themes/matery/source/medias/featureimages/0.jpg","path":"medias/featureimages/0.jpg","modified":0,"renderable":1},{"_id":"themes/matery/source/medias/featureimages/10.jpg","path":"medias/featureimages/10.jpg","modified":0,"renderable":1},{"_id":"themes/matery/source/medias/featureimages/12.jpg","path":"medias/featureimages/12.jpg","modified":0,"renderable":1},{"_id":"themes/matery/source/medias/featureimages/1.jpg","path":"medias/featureimages/1.jpg","modified":0,"renderable":1},{"_id":"themes/matery/source/medias/featureimages/14.jpg","path":"medias/featureimages/14.jpg","modified":0,"renderable":1},{"_id":"themes/matery/source/medias/featureimages/11.jpg","path":"medias/featureimages/11.jpg","modified":0,"renderable":1},{"_id":"themes/matery/source/medias/featureimages/17.jpg","path":"medias/featureimages/17.jpg","modified":0,"renderable":1},{"_id":"themes/matery/source/medias/featureimages/18.jpg","path":"medias/featureimages/18.jpg","modified":0,"renderable":1},{"_id":"themes/matery/source/medias/featureimages/19.jpg","path":"medias/featureimages/19.jpg","modified":0,"renderable":1},{"_id":"themes/matery/source/medias/featureimages/21.jpg","path":"medias/featureimages/21.jpg","modified":0,"renderable":1},{"_id":"themes/matery/source/medias/featureimages/3.jpg","path":"medias/featureimages/3.jpg","modified":0,"renderable":1},{"_id":"themes/matery/source/medias/featureimages/20.jpg","path":"medias/featureimages/20.jpg","modified":0,"renderable":1},{"_id":"themes/matery/source/medias/featureimages/4.jpg","path":"medias/featureimages/4.jpg","modified":0,"renderable":1},{"_id":"themes/matery/source/medias/featureimages/6.jpg","path":"medias/featureimages/6.jpg","modified":0,"renderable":1},{"_id":"themes/matery/source/medias/featureimages/9.jpg","path":"medias/featureimages/9.jpg","modified":0,"renderable":1},{"_id":"themes/matery/source/medias/reward/alipay.jpg","path":"medias/reward/alipay.jpg","modified":0,"renderable":1},{"_id":"themes/matery/source/libs/dplayer/DPlayer.min.css","path":"libs/dplayer/DPlayer.min.css","modified":0,"renderable":1},{"_id":"themes/matery/source/libs/gitment/gitment.js","path":"libs/gitment/gitment.js","modified":0,"renderable":1},{"_id":"themes/matery/source/libs/dplayer/DPlayer.min.js","path":"libs/dplayer/DPlayer.min.js","modified":0,"renderable":1},{"_id":"themes/matery/source/libs/jquery/jquery.min.js","path":"libs/jquery/jquery.min.js","modified":0,"renderable":1},{"_id":"themes/matery/source/libs/valine/Valine.min.js","path":"libs/valine/Valine.min.js","modified":0,"renderable":1},{"_id":"themes/matery/source/medias/banner/1.jpg","path":"medias/banner/1.jpg","modified":0,"renderable":1},{"_id":"themes/matery/source/medias/banner/2.jpg","path":"medias/banner/2.jpg","modified":0,"renderable":1},{"_id":"themes/matery/source/medias/banner/3.jpg","path":"medias/banner/3.jpg","modified":0,"renderable":1},{"_id":"themes/matery/source/medias/banner/5.jpg","path":"medias/banner/5.jpg","modified":0,"renderable":1},{"_id":"themes/matery/source/medias/banner/6.jpg","path":"medias/banner/6.jpg","modified":0,"renderable":1},{"_id":"themes/matery/source/medias/banner/0.jpg","path":"medias/banner/0.jpg","modified":0,"renderable":1},{"_id":"themes/matery/source/medias/reward/wechat.png","path":"medias/reward/wechat.png","modified":0,"renderable":1},{"_id":"themes/matery/source/libs/awesome/webfonts/fa-regular-400.woff","path":"libs/awesome/webfonts/fa-regular-400.woff","modified":0,"renderable":1},{"_id":"themes/matery/source/libs/lightGallery/css/lightgallery.min.css","path":"libs/lightGallery/css/lightgallery.min.css","modified":0,"renderable":1},{"_id":"themes/matery/source/libs/lightGallery/fonts/lg.eot","path":"libs/lightGallery/fonts/lg.eot","modified":0,"renderable":1},{"_id":"themes/matery/source/libs/lightGallery/fonts/lg.svg","path":"libs/lightGallery/fonts/lg.svg","modified":0,"renderable":1},{"_id":"themes/matery/source/libs/lightGallery/js/lightgallery-all.min.js","path":"libs/lightGallery/js/lightgallery-all.min.js","modified":0,"renderable":1},{"_id":"themes/matery/source/libs/lightGallery/fonts/lg.ttf","path":"libs/lightGallery/fonts/lg.ttf","modified":0,"renderable":1},{"_id":"themes/matery/source/libs/lightGallery/img/loading.gif","path":"libs/lightGallery/img/loading.gif","modified":0,"renderable":1},{"_id":"themes/matery/source/libs/lightGallery/img/video-play.png","path":"libs/lightGallery/img/video-play.png","modified":0,"renderable":1},{"_id":"themes/matery/source/libs/lightGallery/fonts/lg.woff","path":"libs/lightGallery/fonts/lg.woff","modified":0,"renderable":1},{"_id":"themes/matery/source/libs/materialize/materialize.min.css","path":"libs/materialize/materialize.min.css","modified":0,"renderable":1},{"_id":"themes/matery/source/libs/lightGallery/img/youtube-play.png","path":"libs/lightGallery/img/youtube-play.png","modified":0,"renderable":1},{"_id":"themes/matery/source/libs/materialize/materialize.min.js","path":"libs/materialize/materialize.min.js","modified":0,"renderable":1},{"_id":"themes/matery/source/libs/share/fonts/iconfont.eot","path":"libs/share/fonts/iconfont.eot","modified":0,"renderable":1},{"_id":"themes/matery/source/libs/lightGallery/img/vimeo-play.png","path":"libs/lightGallery/img/vimeo-play.png","modified":0,"renderable":1},{"_id":"themes/matery/source/libs/share/css/share.min.css","path":"libs/share/css/share.min.css","modified":0,"renderable":1},{"_id":"themes/matery/source/libs/share/fonts/iconfont.svg","path":"libs/share/fonts/iconfont.svg","modified":0,"renderable":1},{"_id":"themes/matery/source/libs/share/js/social-share.min.js","path":"libs/share/js/social-share.min.js","modified":0,"renderable":1},{"_id":"themes/matery/source/libs/gitalk/gitalk.min.js","path":"libs/gitalk/gitalk.min.js","modified":0,"renderable":1},{"_id":"themes/matery/source/libs/share/fonts/iconfont.ttf","path":"libs/share/fonts/iconfont.ttf","modified":0,"renderable":1},{"_id":"themes/matery/source/libs/share/js/jquery.share.min.js","path":"libs/share/js/jquery.share.min.js","modified":0,"renderable":1},{"_id":"themes/matery/source/libs/share/fonts/iconfont.woff","path":"libs/share/fonts/iconfont.woff","modified":0,"renderable":1},{"_id":"themes/matery/source/libs/awesome/webfonts/fa-regular-400.eot","path":"libs/awesome/webfonts/fa-regular-400.eot","modified":0,"renderable":1},{"_id":"themes/matery/source/libs/awesome/webfonts/fa-solid-900.woff2","path":"libs/awesome/webfonts/fa-solid-900.woff2","modified":0,"renderable":1},{"_id":"themes/matery/source/libs/awesome/webfonts/fa-solid-900.woff","path":"libs/awesome/webfonts/fa-solid-900.woff","modified":0,"renderable":1},{"_id":"themes/matery/source/libs/awesome/webfonts/fa-brands-400.ttf","path":"libs/awesome/webfonts/fa-brands-400.ttf","modified":0,"renderable":1},{"_id":"themes/matery/source/libs/awesome/webfonts/fa-brands-400.woff2","path":"libs/awesome/webfonts/fa-brands-400.woff2","modified":0,"renderable":1},{"_id":"themes/matery/source/libs/awesome/webfonts/fa-brands-400.woff","path":"libs/awesome/webfonts/fa-brands-400.woff","modified":0,"renderable":1},{"_id":"themes/matery/source/libs/awesome/webfonts/fa-regular-400.ttf","path":"libs/awesome/webfonts/fa-regular-400.ttf","modified":0,"renderable":1},{"_id":"themes/matery/source/libs/awesome/webfonts/fa-regular-400.woff2","path":"libs/awesome/webfonts/fa-regular-400.woff2","modified":0,"renderable":1},{"_id":"themes/matery/source/libs/valine/av-min.js","path":"libs/valine/av-min.js","modified":0,"renderable":1},{"_id":"themes/matery/source/medias/banner/4.jpg","path":"medias/banner/4.jpg","modified":0,"renderable":1},{"_id":"themes/matery/source/libs/awesome/css/all.css","path":"libs/awesome/css/all.css","modified":0,"renderable":1},{"_id":"themes/matery/source/libs/awesome/webfonts/fa-brands-400.eot","path":"libs/awesome/webfonts/fa-brands-400.eot","modified":0,"renderable":1},{"_id":"themes/matery/source/libs/awesome/webfonts/fa-solid-900.ttf","path":"libs/awesome/webfonts/fa-solid-900.ttf","modified":0,"renderable":1},{"_id":"themes/matery/source/libs/awesome/webfonts/fa-regular-400.svg","path":"libs/awesome/webfonts/fa-regular-400.svg","modified":0,"renderable":1},{"_id":"themes/matery/source/libs/awesome/webfonts/fa-solid-900.eot","path":"libs/awesome/webfonts/fa-solid-900.eot","modified":0,"renderable":1},{"_id":"themes/matery/source/medias/music/cover1.png","path":"medias/music/cover1.png","modified":0,"renderable":1},{"_id":"themes/matery/source/libs/awesome/webfonts/fa-brands-400.svg","path":"libs/awesome/webfonts/fa-brands-400.svg","modified":0,"renderable":1},{"_id":"themes/matery/source/libs/echarts/echarts.min.js","path":"libs/echarts/echarts.min.js","modified":0,"renderable":1},{"_id":"themes/matery/source/libs/awesome/webfonts/fa-solid-900.svg","path":"libs/awesome/webfonts/fa-solid-900.svg","modified":0,"renderable":1},{"_id":"themes/matery/source/medias/music/music2.mp3","path":"medias/music/music2.mp3","modified":0,"renderable":1},{"_id":"themes/matery/source/medias/music/music3.mp3","path":"medias/music/music3.mp3","modified":0,"renderable":1},{"_id":"themes/matery/source/medias/music/music1.mp3","path":"medias/music/music1.mp3","modified":0,"renderable":1}],"Cache":[{"_id":"themes/matery/.gitignore","hash":"5340c994462c7345373e075529f40e60c1952f00","modified":1575110427150},{"_id":"themes/matery/README.md","hash":"b456a4564c9af950c21d8425b5caaf3e8eb62735","modified":1575110427160},{"_id":"themes/matery/README_CN.md","hash":"3d74efae0079f6ada8dab73b0e395ef3220f0381","modified":1575110427168},{"_id":"themes/matery/_config.yml","hash":"9d64015d061b0349258343032d4d047a86de8cee","modified":1575288026605},{"_id":"themes/matery/LICENSE","hash":"b314c7ebb7d599944981908b7f3ed33a30e78f3a","modified":1575110427154},{"_id":"source/_data/friends.json","hash":"93061f196a60daf05aeb287a0fda7d399c5ccb67","modified":1574080771033},{"_id":"source/_data/musics.json","hash":"9291361ae82861bbfd64c369ff69c8a60610196f","modified":1575287595584},{"_id":"source/_posts/hello-world.md","hash":"acad91ace80b80295b11a9b7ad4c29a2dcfdd8fb","modified":1575099717443},{"_id":"source/_posts/test.md","hash":"e01df1f80d2c6be47c40d0c062241dcda063cd26","modified":1575288126772},{"_id":"source/about/index.md","hash":"60c84f130823ff7cbf44d09b8f68c5b46e016c72","modified":1574080693505},{"_id":"source/contact/index.md","hash":"904aaddb4cc713f46c6f46d012997e3a1392a386","modified":1574080718822},{"_id":"source/categories/index.md","hash":"f8a49863ae6029104f7d8339a1f517d72e380ec4","modified":1574080578385},{"_id":"source/tags/index.md","hash":"9e58928c9ff815179b3b05835bac1dd5ec6fc6c3","modified":1574080621052},{"_id":"themes/matery/.git/HEAD","hash":"dd8e8826088c2a83b5ebe1e83fa0aa5f0ed56f98","modified":1575110427049},{"_id":"themes/matery/.git/config","hash":"601b2cbc1d8725a23d4c16a79d8bd6cbfe8c3a7f","modified":1575110427097},{"_id":"themes/matery/.git/description","hash":"9635f1b7e12c045212819dd934d809ef07efa2f4","modified":1575110421494},{"_id":"source/friends/index.md","hash":"df8838b12501c2cd30c109caa8877b6f8a5b352b","modified":1575110640238},{"_id":"themes/matery/.git/index","hash":"8a82083276244661a01838f6d8c5e41ae269dcc6","modified":1575110428299},{"_id":"themes/matery/.git/packed-refs","hash":"af38c5ee70899a7badc604769dd26fc85165540b","modified":1575110427008},{"_id":"themes/matery/languages/default.yml","hash":"9baf9370d0d7494e8575934e4bd0fa6d24484052","modified":1575110427181},{"_id":"themes/matery/languages/zh-CN.yml","hash":"13ce732a54ce08b0ca01f14fd09cbe8fc418de21","modified":1575110427185},{"_id":"themes/matery/layout/about.ejs","hash":"0a8942e2fa070d7d08ef0779267e1e05ff8e3065","modified":1575110427383},{"_id":"themes/matery/layout/archive.ejs","hash":"87c0bb70a1bb690be341bc3e591497b555101114","modified":1575110427387},{"_id":"themes/matery/layout/categories.ejs","hash":"c431e772d0f7700592228bbd9502793bdc28a893","modified":1575110427394},{"_id":"themes/matery/layout/category.ejs","hash":"592c0791356ab81d494e81b7e8eb31bd833e3593","modified":1575110427398},{"_id":"themes/matery/layout/contact.ejs","hash":"c3396cc5b1cbb102f500554f76946f5b45ee6d54","modified":1575110427405},{"_id":"themes/matery/layout/friends.ejs","hash":"56523c35cd7b3e1279089b3d2b38f0a521d787ef","modified":1575110427409},{"_id":"themes/matery/layout/index.ejs","hash":"e553bd516631d5151d21b3e7815f8478adc5f946","modified":1575110427416},{"_id":"themes/matery/layout/layout.ejs","hash":"a52ff7aa3c742825d10ca484e09d5e28baf75568","modified":1575110427421},{"_id":"themes/matery/layout/post.ejs","hash":"9ecae79690293cacdccc172118f1fe481705b1f2","modified":1575110427431},{"_id":"themes/matery/layout/tag.ejs","hash":"7558508ca941b9b62a5ad608073eeaa60096c0a1","modified":1575110427435},{"_id":"themes/matery/layout/tags.ejs","hash":"851c0ee599e91e7b1d657673859e8b6ff79cf50b","modified":1575110427439},{"_id":"themes/matery/source/favicon.png","hash":"20674c497b75fc889194b47fd18ecea12303d8ec","modified":1575110427476},{"_id":"themes/matery/.git/hooks/commit-msg.sample","hash":"ee1ed5aad98a435f2020b6de35c173b75d9affac","modified":1575110421512},{"_id":"themes/matery/.git/hooks/applypatch-msg.sample","hash":"4de88eb95a5e93fd27e78b5fb3b5231a8d8917dd","modified":1575110421501},{"_id":"themes/matery/.git/hooks/post-update.sample","hash":"b614c2f63da7dca9f1db2e7ade61ef30448fc96c","modified":1575110421537},{"_id":"themes/matery/.git/hooks/fsmonitor-watchman.sample","hash":"f7c0aa40cb0d620ff0bca3efe3521ec79e5d7156","modified":1575110421523},{"_id":"themes/matery/.git/hooks/pre-commit.sample","hash":"33729ad4ce51acda35094e581e4088f3167a0af8","modified":1575110421557},{"_id":"themes/matery/.git/hooks/pre-applypatch.sample","hash":"f208287c1a92525de9f5462e905a9d31de1e2d75","modified":1575110421547},{"_id":"themes/matery/.git/hooks/pre-rebase.sample","hash":"288efdc0027db4cfd8b7c47c4aeddba09b6ded12","modified":1575110421581},{"_id":"themes/matery/.git/hooks/pre-receive.sample","hash":"705a17d259e7896f0082fe2e9f2c0c3b127be5ac","modified":1575110421590},{"_id":"themes/matery/.git/hooks/pre-push.sample","hash":"5c8518bfd1d1d3d2c1a7194994c0a16d8a313a41","modified":1575110421564},{"_id":"themes/matery/.git/hooks/prepare-commit-msg.sample","hash":"2584806ba147152ae005cb675aa4f01d5d068456","modified":1575110421595},{"_id":"themes/matery/.git/logs/HEAD","hash":"f4550b9b83830b0b3ede5ea2d3bedbd5194fde1f","modified":1575110427071},{"_id":"themes/matery/.git/hooks/update.sample","hash":"e729cd61b27c128951d139de8e7c63d1a3758dde","modified":1575110421602},{"_id":"themes/matery/.git/info/exclude","hash":"c879df015d97615050afa7b9641e3352a1e701ac","modified":1575110421609},{"_id":"themes/matery/layout/_partial/back-top.ejs","hash":"be527741c39c9dc4a13ad712b49fe8db0147fe1e","modified":1575110427193},{"_id":"themes/matery/layout/_partial/baidu-analytics.ejs","hash":"4b01030b7136192bdbd704e29a0fe12f92767551","modified":1575110427196},{"_id":"themes/matery/layout/_partial/baidu-push.ejs","hash":"2841870e0c625787de348221e5ddb7bbe99ec5a2","modified":1575110427201},{"_id":"themes/matery/layout/_partial/bg-cover-content.ejs","hash":"da10e22a7020a0a8a0f35d7d1364e7adda695aba","modified":1575291277681},{"_id":"themes/matery/layout/_partial/bg-cover.ejs","hash":"d5a7b9bb96e04c0a3485dd873748f19c50a6a04f","modified":1575110427210},{"_id":"themes/matery/layout/_partial/disqus.ejs","hash":"42dda8e67f7f09d148347887e52f18aea546df26","modified":1575110427215},{"_id":"themes/matery/layout/_partial/footer.ejs","hash":"b528fcb06742a354665664f3a5ae6eeb7c61c897","modified":1575110427219},{"_id":"themes/matery/layout/_partial/gitalk.ejs","hash":"647b2efd81f2956ae309961435cc3d15a164454f","modified":1575110427223},{"_id":"themes/matery/layout/_partial/github-link.ejs","hash":"fd4034bca2eb3987dcf113e6477260bee97eb1e7","modified":1575110427228},{"_id":"themes/matery/layout/_partial/gitment.ejs","hash":"e4c5f7bb2b4eeb6872070f4de342f7adde8b747d","modified":1575110427232},{"_id":"themes/matery/layout/_partial/google-analytics.ejs","hash":"890c8f04c1f4905dfceb3ea9fd6efdd040d79c01","modified":1575110427236},{"_id":"themes/matery/layout/_partial/head.ejs","hash":"e2d4b7370eb80e42e5a5b3f380f7fea59a15ec43","modified":1575110427241},{"_id":"themes/matery/layout/_partial/header.ejs","hash":"5e697297ebf534b39a205a48f0726cddff71b51f","modified":1575110427246},{"_id":"themes/matery/layout/_partial/index-cover.ejs","hash":"c6697b48fb554e50221f1b33bfaa2cb7dbf8a8e9","modified":1575110427249},{"_id":"themes/matery/layout/_partial/livere.ejs","hash":"42728561c09589f79b698eb059ab4def53ed3642","modified":1575110427257},{"_id":"themes/matery/layout/_partial/navigation.ejs","hash":"7b0cd7bcde29cd6b2fc5d2d9345e1793b27359b7","modified":1575110427265},{"_id":"themes/matery/layout/_partial/post-cover.ejs","hash":"8a50347fb15b56303337562c3a6d691d86a773dd","modified":1575110427272},{"_id":"themes/matery/layout/_partial/mobile-nav.ejs","hash":"300fcc08806d94ddeadf0429c82c276c8c3b3583","modified":1575110427261},{"_id":"themes/matery/layout/_partial/paging.ejs","hash":"d8773abab5d0b672b70a9df20a8f9f7f6b0a2dae","modified":1575110427269},{"_id":"themes/matery/layout/_partial/post-detail-toc.ejs","hash":"57fa961568fedb1ba3832c3a8af0c8b50f7f3cea","modified":1575110427277},{"_id":"themes/matery/layout/_partial/post-detail.ejs","hash":"df2004c5f9c8e0d5282bb8fdee9ccab322de1ce8","modified":1575110427282},{"_id":"themes/matery/layout/_partial/post-statis.ejs","hash":"de0d5763ddd64463f43135678b64c044884b8406","modified":1575110427288},{"_id":"themes/matery/layout/_partial/prev-next.ejs","hash":"3bc71edff6d24cd14e19534ce04c86df2a7f3427","modified":1575110427291},{"_id":"themes/matery/layout/_partial/reprint-statement.ejs","hash":"cd556472b2d25270be359282854af1a166ca7092","modified":1575110427297},{"_id":"themes/matery/layout/_partial/reward.ejs","hash":"c544f351e73345ce5c0c9d29d17fbe7f0a4d05d4","modified":1575110427302},{"_id":"themes/matery/layout/_partial/search.ejs","hash":"e4b022151e3cb41c4e3e0336a3831d2a91e03f26","modified":1575110427306},{"_id":"themes/matery/layout/_partial/share.ejs","hash":"6a2f19bc1ebce6bf4d451307460212e4353ab64a","modified":1575110427310},{"_id":"themes/matery/layout/_partial/social-link.ejs","hash":"f640583d45179abc1ef57951e7f61fb9e10f44c9","modified":1575110427315},{"_id":"themes/matery/layout/_partial/valine.ejs","hash":"adc6201b98772c80333e39c672cb08d5022073bf","modified":1575110427318},{"_id":"themes/matery/layout/_widget/category-cloud.ejs","hash":"fbef418bc9e758486a155e4723804e722306ed1f","modified":1575110427324},{"_id":"themes/matery/layout/_widget/category-radar.ejs","hash":"5284712d84bbaa4f0d88026ac3ec5a8c13e00056","modified":1575110427330},{"_id":"themes/matery/layout/_widget/dream.ejs","hash":"70122ee04acf56ad569d893e92e78b222d02342c","modified":1575110427334},{"_id":"themes/matery/layout/_widget/music.ejs","hash":"648046df2bfa354c5dcd4302336a6dd074908c4a","modified":1575110427337},{"_id":"themes/matery/layout/_widget/my-gallery.ejs","hash":"0b1a2c12a3e0a03044790b1bac08a36157c11779","modified":1575110427342},{"_id":"themes/matery/layout/_widget/my-projects.ejs","hash":"48dfd9089c28de5025957d4d34006b4e960eacf1","modified":1575110427346},{"_id":"themes/matery/layout/_widget/my-skills.ejs","hash":"9edbeb1ec6212762d597ae7a05b5a219f72c8f98","modified":1575110427351},{"_id":"themes/matery/layout/_widget/post-charts.ejs","hash":"88de3c59178446c19c250c31a69c1ab5e6de6c5e","modified":1575110427359},{"_id":"themes/matery/layout/_widget/post-calendar.ejs","hash":"03c0fbcd5ecab7ad7abef996d433144289b50b0a","modified":1575110427355},{"_id":"themes/matery/layout/_widget/recommend.ejs","hash":"3907a5bbdf18a756af969e10591115009a88798b","modified":1575110427365},{"_id":"themes/matery/layout/_widget/tag-cloud.ejs","hash":"d32898104477acef56c33d00a68b48db15dcf2e6","modified":1575110427369},{"_id":"themes/matery/layout/_widget/video.ejs","hash":"11d5db93a063939f8b8ab5d2a029ce6eab239bbd","modified":1575110427377},{"_id":"themes/matery/layout/_widget/tag-wordcloud.ejs","hash":"d7892740e61f49024c7a0e9332bc186340681e7a","modified":1575110427373},{"_id":"themes/matery/source/css/gitment.css","hash":"d5ef623065d1fbc897119f7b70ccf7563e329917","modified":1575110427445},{"_id":"themes/matery/source/css/my-gitalk.css","hash":"4e3e855767ac5a48b13af1d6a42df13d8975e03f","modified":1575110427466},{"_id":"themes/matery/source/css/matery.css","hash":"4c8846c3ab778a07db158b68b3173734c35ed193","modified":1575110427453},{"_id":"themes/matery/source/css/my.css","hash":"b3c32b573a4a9ef3dfeffbd544a9c3f451e67a54","modified":1575110427470},{"_id":"themes/matery/source/js/search.js","hash":"77ecae23dd3edd8ad962c5b12954652bb2f7a1b6","modified":1575110427486},{"_id":"themes/matery/source/medias/avatar.jpg","hash":"8058541522b928ba53fa76f51539ee37dda9e233","modified":1574757832286},{"_id":"themes/matery/source/js/matery.js","hash":"290a8761a90f9c23904caa0ac40be2a92a4008cb","modified":1575110427480},{"_id":"themes/matery/source/medias/comment_bg.png","hash":"dfc93d24081884fbc58cab0f8fd19e77d31d6123","modified":1575110428098},{"_id":"themes/matery/source/medias/icp.png","hash":"5d1a1f3051c8a4ad70afa0a5488dfa7f0bb27bd5","modified":1575110428271},{"_id":"themes/matery/source/medias/logo.png","hash":"4050259723bd418648ec40028a8020364e57a6a3","modified":1575110428275},{"_id":"themes/matery/.git/refs/heads/develop","hash":"15200dedb94381d45b47588c388ef3c8ba6391c4","modified":1575110427068},{"_id":"themes/matery/source/medias/cover.jpg","hash":"d4957ff7cc5e88555cd840f2956ab0561e6f1ccf","modified":1575110428104},{"_id":"themes/matery/source/medias/featureimages/16.jpg","hash":"9cac6b80b0cc8959fc8aabfbd1adcab79ebebfc9","modified":1575110428169},{"_id":"themes/matery/source/medias/featureimages/13.jpg","hash":"66706dfde7d910182c2f1dbadd0e9e917630b8dd","modified":1575110428141},{"_id":"themes/matery/source/medias/featureimages/15.jpg","hash":"5cf9fc64d5d74ab6ba69bb8bff580fdc22ba32d0","modified":1575110428154},{"_id":"themes/matery/source/medias/featureimages/23.jpg","hash":"ed5ac9f616d3b99af5188a10b1761884c37e93e5","modified":1575110428224},{"_id":"themes/matery/source/medias/featureimages/5.jpg","hash":"c3c1f36a1b1886037db604f151f335cd4599e970","modified":1575110428244},{"_id":"themes/matery/source/medias/featureimages/22.jpg","hash":"bf5b59d193e5ca089a7fff034c222bfa2c4dc41f","modified":1575110428218},{"_id":"themes/matery/source/medias/featureimages/7.jpg","hash":"a0246a4a560438938489cdd154e35f172b3f31b0","modified":1575110428256},{"_id":"themes/matery/source/medias/featureimages/2.jpg","hash":"16f1d89cdba4dce935ac0f12599e0fcfda543a93","modified":1575110428201},{"_id":"themes/matery/source/medias/music/cover2.png","hash":"7948a7d9b28711aebf9989a4e0607ccd59fd4ab2","modified":1575287506239},{"_id":"themes/matery/source/medias/featureimages/8.jpg","hash":"5a46ca4ab4c4ab2101a2af77a31a8878bccc483c","modified":1575110428261},{"_id":"themes/matery/source/medias/music/cover3.png","hash":"00c73b4a761d1844b14c1d4df747470bd5f5fcdb","modified":1575287113900},{"_id":"themes/matery/source/libs/animate/animate.min.css","hash":"5dfcbcee866e9dc564916416281885f3e320871e","modified":1575110427494},{"_id":"themes/matery/source/libs/aos/aos.js","hash":"5a8e6d07ffa55642418ab3fd4b263aa08284b77a","modified":1575110427507},{"_id":"themes/matery/source/libs/aos/aos.css","hash":"ded9739f803d114c9168d3351fded72b3b478b4c","modified":1575110427499},{"_id":"themes/matery/source/libs/aplayer/APlayer.min.css","hash":"7f4f8913f2d46ade2def5134e2cc8684a4b87939","modified":1575110427515},{"_id":"themes/matery/source/libs/aplayer/APlayer.min.js","hash":"70c0c4a9bf698747b7c058c21287ad617355e5dd","modified":1575110427522},{"_id":"themes/matery/source/libs/background/ribbon-dynamic.js","hash":"8f53dbd5f9a40c377664bf8ca0d5d5ed75b91757","modified":1575110427692},{"_id":"themes/matery/source/libs/codeBlock/codeBlockFuction.js","hash":"a8133367d48199e7505c2d831ca848b4202b9ba6","modified":1575110427712},{"_id":"themes/matery/source/libs/background/canvas-nest.js","hash":"d2569ef80127ed2f4af7ef4d9f82b037794eec69","modified":1575110427686},{"_id":"themes/matery/source/libs/background/ribbon.min.js","hash":"0f80e510526a5d8392f98b5f708fe8adb1be5ac1","modified":1575110427705},{"_id":"themes/matery/source/libs/codeBlock/codeCopy.js","hash":"6ab7871d36cab438bbd4d781bc1fe7618b46b6e7","modified":1575110427721},{"_id":"themes/matery/source/libs/codeBlock/codeShrink.js","hash":"3edbe498f7bb9e7daa77f9db30e1b5eeab40e067","modified":1575110427732},{"_id":"themes/matery/source/libs/codeBlock/codeLang.js","hash":"066d2c89ad429e44f6467b9267da782ccaad57de","modified":1575110427728},{"_id":"themes/matery/source/libs/gitalk/gitalk.css","hash":"021898a16279ac2ffe75af4f902fab2a0a39f11a","modified":1575110427787},{"_id":"themes/matery/source/libs/instantpage/instantpage.js","hash":"043eba3c85c2e2009a9fabf3c4fc55537852fd86","modified":1575110427818},{"_id":"themes/matery/source/libs/cryptojs/crypto-js.min.js","hash":"33810b2b757fc4327bc1d3b83bb5e0d3dc1fec5b","modified":1575110427742},{"_id":"themes/matery/source/libs/jqcloud/jqcloud.css","hash":"4e6538c8312aeeab845d361c37a8c1a0931241f0","modified":1575110427830},{"_id":"themes/matery/source/libs/jqcloud/jqcloud-1.0.4.min.js","hash":"26849509f196a2d21bbfd15696e5d5153163b8f1","modified":1575110427824},{"_id":"themes/matery/source/libs/masonry/masonry.pkgd.min.js","hash":"f81cd7bfcf7aa2d043bd3e6077df42656fc44b82","modified":1575110427929},{"_id":"themes/matery/source/libs/others/clicklove.js","hash":"6a39b8c683ba5dcd92f70c6ab45d1cfac3213e8e","modified":1575110427958},{"_id":"themes/matery/source/libs/tocbot/tocbot.css","hash":"f646f2bb75bcd1eb65b2788ac7bf15d4fd243ce9","modified":1575110428015},{"_id":"themes/matery/source/libs/scrollprogress/scrollProgress.min.js","hash":"777ffe5d07e85a14fbe97d846f45ffc0087251cc","modified":1575110427963},{"_id":"themes/matery/source/libs/others/busuanzi.pure.mini.js","hash":"6e41f31100ae7eb3a6f23f2c168f6dd56e7f7a9a","modified":1575110427953},{"_id":"themes/matery/source/libs/tocbot/tocbot.min.js","hash":"5ec27317f0270b8cf6b884c6f12025700b9a565c","modified":1575110428022},{"_id":"themes/matery/source/libs/gitment/gitment-default.css","hash":"a0625d8b432af8bdc820f8768d36cde439e7257c","modified":1575110427805},{"_id":"themes/matery/.git/objects/pack/pack-a48c0126551f3909b6261b8e2ca4595d7acdaf4d.idx","hash":"6605a8923f3bcadcb2a00c1ca9b20ea971978c5f","modified":1575110426857},{"_id":"themes/matery/source/medias/featureimages/0.jpg","hash":"2066cdda98ad0035071cd4aa7bd696eb078c0b6d","modified":1575110428111},{"_id":"themes/matery/source/medias/featureimages/10.jpg","hash":"838e704942de076c60894d14e5f280e2724b6f68","modified":1575110428124},{"_id":"themes/matery/source/medias/featureimages/12.jpg","hash":"047be4239dd7e0be83243ee6b49a392a61f16b9a","modified":1575110428136},{"_id":"themes/matery/source/medias/featureimages/1.jpg","hash":"d16e28bd23ea3a63643826dde5eea6b7a9bdda5d","modified":1575110428118},{"_id":"themes/matery/source/medias/featureimages/14.jpg","hash":"8aeb816faca2d5eaea4cce9e881d6ff87b8c7cf1","modified":1575110428147},{"_id":"themes/matery/source/medias/featureimages/11.jpg","hash":"9ed45f95b83626e3d91d6c405eb8bfe6fcb9736a","modified":1575110428129},{"_id":"themes/matery/source/medias/featureimages/17.jpg","hash":"f168ca5b046d10a878a7b0bcfab540e2c4428887","modified":1575110428176},{"_id":"themes/matery/source/medias/featureimages/18.jpg","hash":"ae23fdfaa59bc57b7ed49e90c5d59e4b68e1eea5","modified":1575110428188},{"_id":"themes/matery/source/medias/featureimages/19.jpg","hash":"57bc7c804b78b5cceb4eb1f9e51b734b75151b71","modified":1575110428197},{"_id":"themes/matery/source/medias/featureimages/21.jpg","hash":"d70b088850c3565e5b5bb9eb8fe4abe688c964cf","modified":1575110428212},{"_id":"themes/matery/source/medias/featureimages/3.jpg","hash":"5e879652e032f02961a331b598a50b60ebe80a39","modified":1575110428230},{"_id":"themes/matery/source/medias/featureimages/20.jpg","hash":"8271c4a327632b566ea62f546c083d08a0528e72","modified":1575110428206},{"_id":"themes/matery/source/medias/featureimages/4.jpg","hash":"4eea5bdb5724ef1ed65790e481eda0d2fb176bf0","modified":1575110428238},{"_id":"themes/matery/source/medias/featureimages/6.jpg","hash":"c63ff64bdd5f6c82da8804c7248fc519d23eaf0b","modified":1575110428250},{"_id":"themes/matery/source/medias/featureimages/9.jpg","hash":"815c84778b721e3606c2bd7c099c7de7c53251ba","modified":1575110428266},{"_id":"themes/matery/source/medias/reward/alipay.jpg","hash":"1f09b6d023ebc8510676f9ef31f4b34306c0af10","modified":1574758253321},{"_id":"themes/matery/source/libs/dplayer/DPlayer.min.css","hash":"5d52d3b34fceb9d7e11f1beaf7ed380b4249dec4","modified":1575110427746},{"_id":"themes/matery/source/libs/gitment/gitment.js","hash":"5a13983930b019450e4fe01a407c64b3dd316be4","modified":1575110427812},{"_id":"themes/matery/source/libs/dplayer/DPlayer.min.js","hash":"82276be41d2001e820020a219b90ad5b026302d1","modified":1575110427752},{"_id":"themes/matery/source/libs/jquery/jquery.min.js","hash":"a8927ac2830b2fdd4a729eb0eb7f80923539ceb9","modified":1575110427838},{"_id":"themes/matery/.git/logs/refs/heads/develop","hash":"f4550b9b83830b0b3ede5ea2d3bedbd5194fde1f","modified":1575110427076},{"_id":"themes/matery/source/libs/valine/Valine.min.js","hash":"d6c03e8c3e547b5f48878081d10559b80f626948","modified":1575110428032},{"_id":"themes/matery/.git/refs/remotes/origin/HEAD","hash":"cb587ac979c5a12ea2fad8ca5af781961c1b0668","modified":1575110427037},{"_id":"themes/matery/source/medias/banner/1.jpg","hash":"c3d5ab183b39a7140941b8375e29498f9d24f343","modified":1575110428063},{"_id":"themes/matery/source/medias/banner/2.jpg","hash":"8d3c8391ff161eec70f66d69e5545a9468cc52ef","modified":1575110428068},{"_id":"themes/matery/source/medias/banner/3.jpg","hash":"d4957ff7cc5e88555cd840f2956ab0561e6f1ccf","modified":1575110428075},{"_id":"themes/matery/source/medias/banner/5.jpg","hash":"4a08deec1dd5b4f1490e8fc23adfb75a0f88b0c4","modified":1575110428088},{"_id":"themes/matery/source/medias/banner/6.jpg","hash":"62e9586a8cec91a160f147c424a3d1d1aea360f9","modified":1575110428094},{"_id":"themes/matery/source/medias/banner/0.jpg","hash":"1f2ec55fe7825475fde2601573bb622f0bf2acba","modified":1575110428056},{"_id":"themes/matery/source/medias/reward/wechat.png","hash":"51d474e3d01d3de59a01404a6426136106d04868","modified":1574758227600},{"_id":"themes/matery/source/libs/awesome/webfonts/fa-regular-400.woff","hash":"59439d3ad31d856d78ec3e2bd9f1eafa2c7a581c","modified":1575110427610},{"_id":"themes/matery/source/libs/lightGallery/css/lightgallery.min.css","hash":"1b7227237f9785c66062a4811508916518e4132c","modified":1575110427873},{"_id":"themes/matery/source/libs/lightGallery/fonts/lg.eot","hash":"54caf05a81e33d7bf04f2e420736ce6f1de5f936","modified":1575110427887},{"_id":"themes/matery/source/libs/lightGallery/fonts/lg.svg","hash":"3480f00d284c812d623ed16a9e0ead3fb964c72e","modified":1575110427891},{"_id":"themes/matery/source/libs/lightGallery/js/lightgallery-all.min.js","hash":"f8cd48e1fff82ecd54a7ce3e69de8dba7c92d113","modified":1575110427922},{"_id":"themes/matery/source/libs/lightGallery/fonts/lg.ttf","hash":"f6421c0c397311ae09f9257aa58bcd5e9720f493","modified":1575110427896},{"_id":"themes/matery/source/libs/lightGallery/img/loading.gif","hash":"15a76af2739482d8de7354abc6d8dc4fca8d145e","modified":1575110427905},{"_id":"themes/matery/source/libs/lightGallery/img/video-play.png","hash":"fbfdbe06aebf7d0c00da175a4810cf888d128f11","modified":1575110427909},{"_id":"themes/matery/source/libs/lightGallery/fonts/lg.woff","hash":"3048de344dd5cad4624e0127e58eaae4b576f574","modified":1575110427901},{"_id":"themes/matery/source/libs/materialize/materialize.min.css","hash":"80ae4aa0dba3634dd9bf59586d541d2dd8d8191c","modified":1575110427942},{"_id":"themes/matery/source/libs/lightGallery/img/youtube-play.png","hash":"39150b45ec5fc03155b7ebeaa44f1829281788e2","modified":1575110427917},{"_id":"themes/matery/source/libs/materialize/materialize.min.js","hash":"c843f0dc497314574c608ca28cc742bb041786d5","modified":1575110427949},{"_id":"themes/matery/source/libs/share/fonts/iconfont.eot","hash":"00ff749c8e202401190cc98d56087cdda716abe4","modified":1575110427973},{"_id":"themes/matery/source/libs/lightGallery/img/vimeo-play.png","hash":"1142b47de219dddfba2e712cd3189dec0c8b7bee","modified":1575110427913},{"_id":"themes/matery/source/libs/share/css/share.min.css","hash":"7126de5cec8371e580b7b1f22512da0985cc39e5","modified":1575110427969},{"_id":"themes/matery/source/libs/share/fonts/iconfont.svg","hash":"337b4f156f6d8f4beb32c32a3db46fef361cff74","modified":1575110427979},{"_id":"themes/matery/source/libs/share/js/social-share.min.js","hash":"ba635a17a9d9d132369f9fe4b1fbcaf001ea6ac9","modified":1575110428003},{"_id":"themes/matery/source/libs/gitalk/gitalk.min.js","hash":"9d5dd7e092c8eaf6266e2498cff72e6c98790a05","modified":1575110427799},{"_id":"themes/matery/source/libs/share/fonts/iconfont.ttf","hash":"afd898f59d363887418669520b24d175f966a083","modified":1575110427983},{"_id":"themes/matery/source/libs/share/js/jquery.share.min.js","hash":"de34668d902ec082d17ddb6dd7ad24255fb547c5","modified":1575110427992},{"_id":"themes/matery/source/libs/share/fonts/iconfont.woff","hash":"2e3fce1dcfbd6e2114e7bfbeaf72d3c62e15a1bd","modified":1575110427986},{"_id":"themes/matery/source/libs/awesome/webfonts/fa-regular-400.eot","hash":"439c8afd3373acb4a73135a34e220464a89cd5e2","modified":1575110427593},{"_id":"themes/matery/source/libs/awesome/webfonts/fa-solid-900.woff2","hash":"9c081b88b106c6c04ecb895ba7ba7d3dcb3b55ac","modified":1575110427681},{"_id":"themes/matery/source/libs/awesome/webfonts/fa-solid-900.woff","hash":"92803b8753ceda573c6906774677c5a7081d2fbb","modified":1575110427675},{"_id":"themes/matery/.git/logs/refs/remotes/origin/HEAD","hash":"f4550b9b83830b0b3ede5ea2d3bedbd5194fde1f","modified":1575110427033},{"_id":"themes/matery/source/libs/awesome/webfonts/fa-brands-400.ttf","hash":"91cbeeaceb644a971241c08362898599d6d968ce","modified":1575110427577},{"_id":"themes/matery/source/libs/awesome/webfonts/fa-brands-400.woff2","hash":"a46bd47ff0a90b812aafafda587d095cdb844271","modified":1575110427588},{"_id":"themes/matery/source/libs/awesome/webfonts/fa-brands-400.woff","hash":"18838f5260317da3c5ed29bf844ac8a4f7ad0529","modified":1575110427583},{"_id":"themes/matery/source/libs/awesome/webfonts/fa-regular-400.ttf","hash":"0f4bd02942a54a6b3200d9078adff88c2812e751","modified":1575110427607},{"_id":"themes/matery/source/libs/awesome/webfonts/fa-regular-400.woff2","hash":"f6f653b4ea8fc487bdb590d39d5a726258a55f40","modified":1575110427616},{"_id":"themes/matery/source/libs/valine/av-min.js","hash":"9cb4babc20eb8fb5a86c4b0cc894fdb0f3cd9534","modified":1575110428039},{"_id":"themes/matery/source/medias/banner/4.jpg","hash":"56850c3139cbd72a0eff0c35d8fac32c9c66dd6a","modified":1575110428083},{"_id":"themes/matery/source/libs/awesome/css/all.css","hash":"6390d0a6e6211ebbd68b49759b4dec8b2a9f04c9","modified":1575110427529},{"_id":"themes/matery/source/libs/awesome/webfonts/fa-brands-400.eot","hash":"22f9e7d5226408eb2d0a11e118257a3ca22b8670","modified":1575110427541},{"_id":"themes/matery/source/libs/awesome/webfonts/fa-solid-900.ttf","hash":"9521ed12274c2cbc910cea77657116fcf6545da3","modified":1575110427669},{"_id":"themes/matery/source/libs/awesome/webfonts/fa-regular-400.svg","hash":"3fbb04fe98ec0dd06dcfbf9da2d56efc200d7454","modified":1575110427600},{"_id":"themes/matery/source/libs/awesome/webfonts/fa-solid-900.eot","hash":"cab8e84ae5682d1d556e234df9c790985888def8","modified":1575110427627},{"_id":"themes/matery/source/medias/music/cover1.png","hash":"670822058ae1725a4009f62df9c7ecb2edd684e1","modified":1575286712675},{"_id":"themes/matery/source/libs/awesome/webfonts/fa-brands-400.svg","hash":"05a5476e6911a95180006599da5f68e474efd708","modified":1575110427566},{"_id":"themes/matery/source/libs/echarts/echarts.min.js","hash":"8789b5e4daf0029a6c88f238f10e54d01c4fce82","modified":1575110427780},{"_id":"themes/matery/source/libs/awesome/webfonts/fa-solid-900.svg","hash":"1612cf2120a89a8c716a3bc8e07b22ce108bbec2","modified":1575110427654},{"_id":"themes/matery/source/medias/music/music2.mp3","hash":"5872bc0b9ab29b2db2d00d7994fb4bce9ba00d76","modified":1575287349350},{"_id":"themes/matery/source/medias/music/music3.mp3","hash":"8d7ce9012dadf41c3495712cc395dd1d4419c02c","modified":1575286952637},{"_id":"themes/matery/source/medias/music/music1.mp3","hash":"c733ccf9127ef17708d9b28300d055dabfc72843","modified":1575286569712},{"_id":"themes/matery/.git/objects/pack/pack-a48c0126551f3909b6261b8e2ca4595d7acdaf4d.pack","hash":"dbb003ba31830072c5d857abf26d4700c576889d","modified":1575110426885},{"_id":"source/404.md","hash":"f11f261c4c28c6e9a49121cc970ed37075027df5","modified":1575337000952},{"_id":"themes/matery/layout/404.ejs","hash":"f0079a94fa80b60cafbb277959de3321a8b2696d","modified":1575337169161}],"Category":[{"name":"Markdown","_id":"ck3oh14m80005rcfpeuatf5tg"}],"Data":[{"_id":"friends","data":[{"avatar":"http://image.luokangyuan.com/1_qq_27922023.jpg","name":"码酱","introduction":"我不是大佬，只是在追寻大佬的脚步","url":"http://luokangyuan.com/","title":"前去学习"},{"avatar":"http://image.luokangyuan.com/4027734.jpeg","name":"闪烁之狐","introduction":"编程界大佬，技术牛，人还特别好，不懂的都可以请教大佬","url":"https://blinkfox.github.io/","title":"前去学习"},{"avatar":"http://image.luokangyuan.com/avatar.jpg","name":"ja_rome","introduction":"平凡的脚步也可以走出伟大的行程","url":"https://me.csdn.net/jlh912008548","title":"前去学习"}]},{"_id":"musics","data":[{"name":"天下一","artist":"福禄","url":"/medias/music/music1.mp3","cover":"/medias/music/cover1.png"},{"name":"Take me hand","artist":"DAISHI DANCE,Cecile Corbel","url":"/medias/music/music2.mp3","cover":"/medias/music/cover2.png"},{"name":"Shape of You","artist":"J.Fla","url":"/medias/music/music3.mp3","cover":"/medias/music/cover3.png"}]}],"Page":[{"title":"about","date":"2019-11-18T12:37:36.000Z","type":"about","layout":"about","_content":"","source":"about/index.md","raw":"---\ntitle: about\ndate: 2019-11-18 20:37:36\ntype: \"about\"\nlayout: \"about\"\n---\n","updated":"2019-11-18T12:38:13.505Z","path":"about/index.html","comments":1,"_id":"ck3oh14gs0001rcfpc7ka44qa","content":"","site":{"data":{"friends":[{"avatar":"http://image.luokangyuan.com/1_qq_27922023.jpg","name":"码酱","introduction":"我不是大佬，只是在追寻大佬的脚步","url":"http://luokangyuan.com/","title":"前去学习"},{"avatar":"http://image.luokangyuan.com/4027734.jpeg","name":"闪烁之狐","introduction":"编程界大佬，技术牛，人还特别好，不懂的都可以请教大佬","url":"https://blinkfox.github.io/","title":"前去学习"},{"avatar":"http://image.luokangyuan.com/avatar.jpg","name":"ja_rome","introduction":"平凡的脚步也可以走出伟大的行程","url":"https://me.csdn.net/jlh912008548","title":"前去学习"}],"musics":[{"name":"天下一","artist":"福禄","url":"/medias/music/music1.mp3","cover":"/medias/music/cover1.png"},{"name":"Take me hand","artist":"DAISHI DANCE,Cecile Corbel","url":"/medias/music/music2.mp3","cover":"/medias/music/cover2.png"},{"name":"Shape of You","artist":"J.Fla","url":"/medias/music/music3.mp3","cover":"/medias/music/cover3.png"}]}},"excerpt":"","more":""},{"title":"contact","date":"2019-11-18T12:37:45.000Z","type":"contact","layout":"contact","_content":"","source":"contact/index.md","raw":"---\ntitle: contact\ndate: 2019-11-18 20:37:45\ntype: \"contact\"\nlayout: \"contact\"\n---\n","updated":"2019-11-18T12:38:38.822Z","path":"contact/index.html","comments":1,"_id":"ck3oh14j60003rcfp7si94klq","content":"","site":{"data":{"friends":[{"avatar":"http://image.luokangyuan.com/1_qq_27922023.jpg","name":"码酱","introduction":"我不是大佬，只是在追寻大佬的脚步","url":"http://luokangyuan.com/","title":"前去学习"},{"avatar":"http://image.luokangyuan.com/4027734.jpeg","name":"闪烁之狐","introduction":"编程界大佬，技术牛，人还特别好，不懂的都可以请教大佬","url":"https://blinkfox.github.io/","title":"前去学习"},{"avatar":"http://image.luokangyuan.com/avatar.jpg","name":"ja_rome","introduction":"平凡的脚步也可以走出伟大的行程","url":"https://me.csdn.net/jlh912008548","title":"前去学习"}],"musics":[{"name":"天下一","artist":"福禄","url":"/medias/music/music1.mp3","cover":"/medias/music/cover1.png"},{"name":"Take me hand","artist":"DAISHI DANCE,Cecile Corbel","url":"/medias/music/music2.mp3","cover":"/medias/music/cover2.png"},{"name":"Shape of You","artist":"J.Fla","url":"/medias/music/music3.mp3","cover":"/medias/music/cover3.png"}]}},"excerpt":"","more":""},{"title":"categories","date":"2019-11-18T12:35:53.000Z","type":"categories","layout":"categories","_content":"","source":"categories/index.md","raw":"---\ntitle: categories\ndate: 2019-11-18 20:35:53\ntype: \"categories\"\nlayout: \"categories\"\n---\n","updated":"2019-11-18T12:36:18.385Z","path":"categories/index.html","comments":1,"_id":"ck3oh14kw0004rcfp9ncb3f2m","content":"","site":{"data":{"friends":[{"avatar":"http://image.luokangyuan.com/1_qq_27922023.jpg","name":"码酱","introduction":"我不是大佬，只是在追寻大佬的脚步","url":"http://luokangyuan.com/","title":"前去学习"},{"avatar":"http://image.luokangyuan.com/4027734.jpeg","name":"闪烁之狐","introduction":"编程界大佬，技术牛，人还特别好，不懂的都可以请教大佬","url":"https://blinkfox.github.io/","title":"前去学习"},{"avatar":"http://image.luokangyuan.com/avatar.jpg","name":"ja_rome","introduction":"平凡的脚步也可以走出伟大的行程","url":"https://me.csdn.net/jlh912008548","title":"前去学习"}],"musics":[{"name":"天下一","artist":"福禄","url":"/medias/music/music1.mp3","cover":"/medias/music/cover1.png"},{"name":"Take me hand","artist":"DAISHI DANCE,Cecile Corbel","url":"/medias/music/music2.mp3","cover":"/medias/music/cover2.png"},{"name":"Shape of You","artist":"J.Fla","url":"/medias/music/music3.mp3","cover":"/medias/music/cover3.png"}]}},"excerpt":"","more":""},{"title":"tags","date":"2019-11-18T12:36:38.000Z","type":"tags","layout":"tags","_content":"","source":"tags/index.md","raw":"---\ntitle: tags\ndate: 2019-11-18 20:36:38\ntype: \"tags\"\nlayout: \"tags\"\n---\n","updated":"2019-11-18T12:37:01.052Z","path":"tags/index.html","comments":1,"_id":"ck3oh14y0000brcfpei5l8or4","content":"","site":{"data":{"friends":[{"avatar":"http://image.luokangyuan.com/1_qq_27922023.jpg","name":"码酱","introduction":"我不是大佬，只是在追寻大佬的脚步","url":"http://luokangyuan.com/","title":"前去学习"},{"avatar":"http://image.luokangyuan.com/4027734.jpeg","name":"闪烁之狐","introduction":"编程界大佬，技术牛，人还特别好，不懂的都可以请教大佬","url":"https://blinkfox.github.io/","title":"前去学习"},{"avatar":"http://image.luokangyuan.com/avatar.jpg","name":"ja_rome","introduction":"平凡的脚步也可以走出伟大的行程","url":"https://me.csdn.net/jlh912008548","title":"前去学习"}],"musics":[{"name":"天下一","artist":"福禄","url":"/medias/music/music1.mp3","cover":"/medias/music/cover1.png"},{"name":"Take me hand","artist":"DAISHI DANCE,Cecile Corbel","url":"/medias/music/music2.mp3","cover":"/medias/music/cover2.png"},{"name":"Shape of You","artist":"J.Fla","url":"/medias/music/music3.mp3","cover":"/medias/music/cover3.png"}]}},"excerpt":"","more":""},{"title":"friends","date":"2019-11-18T12:37:58.000Z","type":"friends","layout":"friends","_content":"","source":"friends/index.md","raw":"---\ntitle: friends\ndate: 2019-11-18 20:37:58\ntype: \"friends\"\nlayout: \"friends\"\n---\n","updated":"2019-11-30T10:44:00.238Z","path":"friends/index.html","comments":1,"_id":"ck3oh14y5000crcfp02vwdlpc","content":"","site":{"data":{"friends":[{"avatar":"http://image.luokangyuan.com/1_qq_27922023.jpg","name":"码酱","introduction":"我不是大佬，只是在追寻大佬的脚步","url":"http://luokangyuan.com/","title":"前去学习"},{"avatar":"http://image.luokangyuan.com/4027734.jpeg","name":"闪烁之狐","introduction":"编程界大佬，技术牛，人还特别好，不懂的都可以请教大佬","url":"https://blinkfox.github.io/","title":"前去学习"},{"avatar":"http://image.luokangyuan.com/avatar.jpg","name":"ja_rome","introduction":"平凡的脚步也可以走出伟大的行程","url":"https://me.csdn.net/jlh912008548","title":"前去学习"}],"musics":[{"name":"天下一","artist":"福禄","url":"/medias/music/music1.mp3","cover":"/medias/music/cover1.png"},{"name":"Take me hand","artist":"DAISHI DANCE,Cecile Corbel","url":"/medias/music/music2.mp3","cover":"/medias/music/cover2.png"},{"name":"Shape of You","artist":"J.Fla","url":"/medias/music/music3.mp3","cover":"/medias/music/cover3.png"}]}},"excerpt":"","more":""},{"title":"404","date":"2017-07-19T08:41:10.000Z","type":"404","layout":"404","description":"你访问的页面被外星人叼走了 :(","_content":"","source":"404.md","raw":"---\ntitle: 404\ndate: 2017-07-19 16:41:10\ntype: \"404\"\nlayout: \"404\"\ndescription: \"你访问的页面被外星人叼走了 :(\"\n---\n","updated":"2019-12-03T01:36:40.952Z","path":"404.html","_id":"ck3p6yw4500000gfp51anat9m","comments":1,"content":"","site":{"data":{"friends":[{"avatar":"http://image.luokangyuan.com/1_qq_27922023.jpg","name":"码酱","introduction":"我不是大佬，只是在追寻大佬的脚步","url":"http://luokangyuan.com/","title":"前去学习"},{"avatar":"http://image.luokangyuan.com/4027734.jpeg","name":"闪烁之狐","introduction":"编程界大佬，技术牛，人还特别好，不懂的都可以请教大佬","url":"https://blinkfox.github.io/","title":"前去学习"},{"avatar":"http://image.luokangyuan.com/avatar.jpg","name":"ja_rome","introduction":"平凡的脚步也可以走出伟大的行程","url":"https://me.csdn.net/jlh912008548","title":"前去学习"}],"musics":[{"name":"天下一","artist":"福禄","url":"/medias/music/music1.mp3","cover":"/medias/music/cover1.png"},{"name":"Take me hand","artist":"DAISHI DANCE,Cecile Corbel","url":"/medias/music/music2.mp3","cover":"/medias/music/cover2.png"},{"name":"Shape of You","artist":"J.Fla","url":"/medias/music/music3.mp3","cover":"/medias/music/cover3.png"}]}},"excerpt":"","more":""}],"Post":[{"title":"Hello World","_content":"Welcome to [Hexo](https://hexo.io/)! This is your very first post. Check [documentation](https://hexo.io/docs/) for more info. If you get any problems when using Hexo, you can find the answer in [troubleshooting](https://hexo.io/docs/troubleshooting.html) or you can ask me on [GitHub](https://github.com/hexojs/hexo/issues).\n\n## Quick Start\n\n### Create a new post\n\n``` bash\n$ hexo new \"My New Post\"\n```\n\nMore info: [Writing](https://hexo.io/docs/writing.html)\n\n### Run server\n\n``` bash\n$ hexo server\n```\n\nMore info: [Server](https://hexo.io/docs/server.html)\n\n### Generate static files\n\n``` bash\n$ hexo generate\n```\n\nMore info: [Generating](https://hexo.io/docs/generating.html)\n\n### Deploy to remote sites\n\n``` bash\n$ hexo deploy\n```\n\nMore info: [Deployment](https://hexo.io/docs/one-command-deployment.html)\n","source":"_posts/hello-world.md","raw":"---\ntitle: Hello World\n---\nWelcome to [Hexo](https://hexo.io/)! This is your very first post. Check [documentation](https://hexo.io/docs/) for more info. If you get any problems when using Hexo, you can find the answer in [troubleshooting](https://hexo.io/docs/troubleshooting.html) or you can ask me on [GitHub](https://github.com/hexojs/hexo/issues).\n\n## Quick Start\n\n### Create a new post\n\n``` bash\n$ hexo new \"My New Post\"\n```\n\nMore info: [Writing](https://hexo.io/docs/writing.html)\n\n### Run server\n\n``` bash\n$ hexo server\n```\n\nMore info: [Server](https://hexo.io/docs/server.html)\n\n### Generate static files\n\n``` bash\n$ hexo generate\n```\n\nMore info: [Generating](https://hexo.io/docs/generating.html)\n\n### Deploy to remote sites\n\n``` bash\n$ hexo deploy\n```\n\nMore info: [Deployment](https://hexo.io/docs/one-command-deployment.html)\n","slug":"hello-world","published":1,"date":"2019-11-30T07:41:57.443Z","updated":"2019-11-30T07:41:57.443Z","comments":1,"layout":"post","photos":[],"link":"","_id":"ck3oh14c90000rcfp9dqeanc8","content":"<p>Welcome to <a href=\"https://hexo.io/\" target=\"_blank\" rel=\"noopener\">Hexo</a>! This is your very first post. Check <a href=\"https://hexo.io/docs/\" target=\"_blank\" rel=\"noopener\">documentation</a> for more info. If you get any problems when using Hexo, you can find the answer in <a href=\"https://hexo.io/docs/troubleshooting.html\" target=\"_blank\" rel=\"noopener\">troubleshooting</a> or you can ask me on <a href=\"https://github.com/hexojs/hexo/issues\" target=\"_blank\" rel=\"noopener\">GitHub</a>.</p>\n<h2 id=\"Quick-Start\"><a href=\"#Quick-Start\" class=\"headerlink\" title=\"Quick Start\"></a>Quick Start</h2><h3 id=\"Create-a-new-post\"><a href=\"#Create-a-new-post\" class=\"headerlink\" title=\"Create a new post\"></a>Create a new post</h3><pre class=\" language-bash\"><code class=\"language-bash\">$ hexo new <span class=\"token string\">\"My New Post\"</span></code></pre>\n<p>More info: <a href=\"https://hexo.io/docs/writing.html\" target=\"_blank\" rel=\"noopener\">Writing</a></p>\n<h3 id=\"Run-server\"><a href=\"#Run-server\" class=\"headerlink\" title=\"Run server\"></a>Run server</h3><pre class=\" language-bash\"><code class=\"language-bash\">$ hexo server</code></pre>\n<p>More info: <a href=\"https://hexo.io/docs/server.html\" target=\"_blank\" rel=\"noopener\">Server</a></p>\n<h3 id=\"Generate-static-files\"><a href=\"#Generate-static-files\" class=\"headerlink\" title=\"Generate static files\"></a>Generate static files</h3><pre class=\" language-bash\"><code class=\"language-bash\">$ hexo generate</code></pre>\n<p>More info: <a href=\"https://hexo.io/docs/generating.html\" target=\"_blank\" rel=\"noopener\">Generating</a></p>\n<h3 id=\"Deploy-to-remote-sites\"><a href=\"#Deploy-to-remote-sites\" class=\"headerlink\" title=\"Deploy to remote sites\"></a>Deploy to remote sites</h3><pre class=\" language-bash\"><code class=\"language-bash\">$ hexo deploy</code></pre>\n<p>More info: <a href=\"https://hexo.io/docs/one-command-deployment.html\" target=\"_blank\" rel=\"noopener\">Deployment</a></p>\n","site":{"data":{"friends":[{"avatar":"http://image.luokangyuan.com/1_qq_27922023.jpg","name":"码酱","introduction":"我不是大佬，只是在追寻大佬的脚步","url":"http://luokangyuan.com/","title":"前去学习"},{"avatar":"http://image.luokangyuan.com/4027734.jpeg","name":"闪烁之狐","introduction":"编程界大佬，技术牛，人还特别好，不懂的都可以请教大佬","url":"https://blinkfox.github.io/","title":"前去学习"},{"avatar":"http://image.luokangyuan.com/avatar.jpg","name":"ja_rome","introduction":"平凡的脚步也可以走出伟大的行程","url":"https://me.csdn.net/jlh912008548","title":"前去学习"}],"musics":[{"name":"天下一","artist":"福禄","url":"/medias/music/music1.mp3","cover":"/medias/music/cover1.png"},{"name":"Take me hand","artist":"DAISHI DANCE,Cecile Corbel","url":"/medias/music/music2.mp3","cover":"/medias/music/cover2.png"},{"name":"Shape of You","artist":"J.Fla","url":"/medias/music/music3.mp3","cover":"/medias/music/cover3.png"}]}},"excerpt":"","more":"<p>Welcome to <a href=\"https://hexo.io/\" target=\"_blank\" rel=\"noopener\">Hexo</a>! This is your very first post. Check <a href=\"https://hexo.io/docs/\" target=\"_blank\" rel=\"noopener\">documentation</a> for more info. If you get any problems when using Hexo, you can find the answer in <a href=\"https://hexo.io/docs/troubleshooting.html\" target=\"_blank\" rel=\"noopener\">troubleshooting</a> or you can ask me on <a href=\"https://github.com/hexojs/hexo/issues\" target=\"_blank\" rel=\"noopener\">GitHub</a>.</p>\n<h2 id=\"Quick-Start\"><a href=\"#Quick-Start\" class=\"headerlink\" title=\"Quick Start\"></a>Quick Start</h2><h3 id=\"Create-a-new-post\"><a href=\"#Create-a-new-post\" class=\"headerlink\" title=\"Create a new post\"></a>Create a new post</h3><pre><code class=\"bash\">$ hexo new &quot;My New Post&quot;</code></pre>\n<p>More info: <a href=\"https://hexo.io/docs/writing.html\" target=\"_blank\" rel=\"noopener\">Writing</a></p>\n<h3 id=\"Run-server\"><a href=\"#Run-server\" class=\"headerlink\" title=\"Run server\"></a>Run server</h3><pre><code class=\"bash\">$ hexo server</code></pre>\n<p>More info: <a href=\"https://hexo.io/docs/server.html\" target=\"_blank\" rel=\"noopener\">Server</a></p>\n<h3 id=\"Generate-static-files\"><a href=\"#Generate-static-files\" class=\"headerlink\" title=\"Generate static files\"></a>Generate static files</h3><pre><code class=\"bash\">$ hexo generate</code></pre>\n<p>More info: <a href=\"https://hexo.io/docs/generating.html\" target=\"_blank\" rel=\"noopener\">Generating</a></p>\n<h3 id=\"Deploy-to-remote-sites\"><a href=\"#Deploy-to-remote-sites\" class=\"headerlink\" title=\"Deploy to remote sites\"></a>Deploy to remote sites</h3><pre><code class=\"bash\">$ hexo deploy</code></pre>\n<p>More info: <a href=\"https://hexo.io/docs/one-command-deployment.html\" target=\"_blank\" rel=\"noopener\">Deployment</a></p>\n"},{"title":"typora-vue-theme主题介绍","date":"2018-09-07T01:25:00.000Z","author":"赵奇","img":"/source/images/xxx.jpg","top":true,"cover":true,"coverImg":"/images/1.jpg","password":"8d969eef6ecad3c29a3a629280e686cf0c3f5d5a86aff3ca12020c923adc6c92","toc":false,"mathjax":false,"summary":"这是你自定义的文章摘要内容，如果这个属性有值，文章卡片摘要就显示这段文字，否则程序会自动截取文章的部分内容作为摘要","_content":"","source":"_posts/test.md","raw":"---\ntitle: typora-vue-theme主题介绍\ndate: 2018-09-07 09:25:00\nauthor: 赵奇\nimg: /source/images/xxx.jpg\ntop: true\ncover: true\ncoverImg: /images/1.jpg\npassword: 8d969eef6ecad3c29a3a629280e686cf0c3f5d5a86aff3ca12020c923adc6c92\ntoc: false\nmathjax: false\nsummary: 这是你自定义的文章摘要内容，如果这个属性有值，文章卡片摘要就显示这段文字，否则程序会自动截取文章的部分内容作为摘要\ncategories: Markdown\ntags:\n  - Typora\n  - Markdown\n---","slug":"test","published":1,"updated":"2019-12-02T12:02:06.772Z","comments":1,"layout":"post","photos":[],"link":"","_id":"ck3oh14hx0002rcfp2dh57t61","content":"","site":{"data":{"friends":[{"avatar":"http://image.luokangyuan.com/1_qq_27922023.jpg","name":"码酱","introduction":"我不是大佬，只是在追寻大佬的脚步","url":"http://luokangyuan.com/","title":"前去学习"},{"avatar":"http://image.luokangyuan.com/4027734.jpeg","name":"闪烁之狐","introduction":"编程界大佬，技术牛，人还特别好，不懂的都可以请教大佬","url":"https://blinkfox.github.io/","title":"前去学习"},{"avatar":"http://image.luokangyuan.com/avatar.jpg","name":"ja_rome","introduction":"平凡的脚步也可以走出伟大的行程","url":"https://me.csdn.net/jlh912008548","title":"前去学习"}],"musics":[{"name":"天下一","artist":"福禄","url":"/medias/music/music1.mp3","cover":"/medias/music/cover1.png"},{"name":"Take me hand","artist":"DAISHI DANCE,Cecile Corbel","url":"/medias/music/music2.mp3","cover":"/medias/music/cover2.png"},{"name":"Shape of You","artist":"J.Fla","url":"/medias/music/music3.mp3","cover":"/medias/music/cover3.png"}]}},"excerpt":"","more":""}],"PostAsset":[],"PostCategory":[{"post_id":"ck3oh14hx0002rcfp2dh57t61","category_id":"ck3oh14m80005rcfpeuatf5tg","_id":"ck3oh14pc0008rcfpefn8d91e"}],"PostTag":[{"post_id":"ck3oh14hx0002rcfp2dh57t61","tag_id":"ck3oh14mx0006rcfp1dmb0ift","_id":"ck3oh14po0009rcfpbnrm8v0y"},{"post_id":"ck3oh14hx0002rcfp2dh57t61","tag_id":"ck3oh14oi0007rcfp8kup3g18","_id":"ck3oh14qc000arcfp2lm8f7wq"}],"Tag":[{"name":"Typora","_id":"ck3oh14mx0006rcfp1dmb0ift"},{"name":"Markdown","_id":"ck3oh14oi0007rcfp8kup3g18"}]}}