<?xml version="1.0" encoding="utf-8"?>
<feed xmlns="http://www.w3.org/2005/Atom">
  <title>damon&#39;s blog</title>
  
  
  <link href="/atom.xml" rel="self"/>
  
  <link href="http://damonnie.github.io/"/>
  <updated>2019-11-30T07:41:57.443Z</updated>
  <id>http://damonnie.github.io/</id>
  
  <author>
    <name>damon</name>
    
  </author>
  
  <generator uri="https://hexo.io/">Hexo</generator>
  
  <entry>
    <title>Hello World</title>
    <link href="http://damonnie.github.io/2019/11/30/hello-world/"/>
    <id>http://damonnie.github.io/2019/11/30/hello-world/</id>
    <published>2019-11-30T07:41:57.443Z</published>
    <updated>2019-11-30T07:41:57.443Z</updated>
    
    <summary type="html">
    
      
      
        
        
          &lt;p&gt;Welcome to &lt;a href=&quot;https://hexo.io/&quot; target=&quot;_blank&quot; rel=&quot;noopener&quot;&gt;Hexo&lt;/a&gt;! This is your very first post. Check &lt;a
        
      
    
    </summary>
    
    
    
  </entry>
  
  <entry>
    <title>typora-vue-theme主题介绍</title>
    <link href="http://damonnie.github.io/2018/09/07/test/"/>
    <id>http://damonnie.github.io/2018/09/07/test/</id>
    <published>2018-09-07T01:25:00.000Z</published>
    <updated>2019-12-02T12:02:06.772Z</updated>
    
    <summary type="html">
    
    </summary>
    
    
      <category term="Markdown" scheme="http://damonnie.github.io/categories/Markdown/"/>
    
    
      <category term="Typora" scheme="http://damonnie.github.io/tags/Typora/"/>
    
      <category term="Markdown" scheme="http://damonnie.github.io/tags/Markdown/"/>
    
  </entry>
  
</feed>
